parameter,0
vmax_forward_ALCD2irm,-0.26602202331657226
vmax_forward_PYK,-0.2834446980640125
vmax_forward_ASPTA,0.39357143210718226
