parameter,0
vmax_forward_PPA,-0.16070719849926363
vmax_forward_PGL,0.2569532008035703
vmax_forward_DHQS,0.3689803018012114
