parameter,0
vmax_forward_PDHm,-0.43117169126764987
vmax_forward_PRFGS,-0.8118602237681396
vmax_forward_GMPS2,1.270956067871403
