parameter,0
vmax_forward_SUCOASm,-0.4268956043019726
vmax_forward_HEX1,0.453189011016333
vmax_forward_CSm,-0.6723989290150295
