parameter,0
vmax_forward_TKT2,-0.17559571965710372
vmax_forward_PGL,0.1824459506692193
vmax_forward_DDPAm,0.21492527391181188
