,EU_HEX1,ED_PRPPS,ED_PYK,EU_PRFGS,ED_ALDD2y,ED_PDHm,ED_PFK,solution
0,0.17183948640750718,0.6931471805599453,0.6301511982289202,,,,,0.44879889795852834
1,0.20516639258367245,,0.6931471805599453,0.060275109124273,,,,0.43048073843939755
2,,,0.6931471805599453,,0.6872846603554792,0.47580754061306324,,0.43008422943606917
3,,0.6931471805599454,,,,0.39993764304895,0.5409737060004337,0.42460057371113324
