parameter,0
vmax_forward_PRFGS,-0.7397423776505142
vmax_forward_HEX1,1.0375599448645938
vmax_forward_GMPS2,1.1861402212871683
