parameter,0
vmax_forward_TKT1,0.3007973404596732
vmax_forward_DHQTi,0.34994416486035546
vmax_forward_PRPPS,-0.3978188271974855
