parameter,0
vmax_forward_HEX1,0.6055422572655144
vmax_forward_PRFGS,-0.6306841321694975
vmax_forward_IG3PS,-1.0017698827403911
