parameter,0
vmax_forward_HEX1,0.434678837412248
vmax_forward_GMPS2,0.4629931949784691
vmax_forward_PRFGS,-0.98061126373187
